ind,weighted,fx,fn,sx,sn,day_count,RSI,vgo,success,profit
2,-16,-3,-3,-4,-6,-2,44.44444444444444,59.1263940520446,1,1.1333333333329865
4,-14,-3,-4,-5,-2,-2,44.44444444444444,64.82238744320529,1,5.0000000000005596
5,-11,-3,-1,-5,-2,-3,41.17647058823529,62.992565055762086,1,18.133333333333333
6,-13,-4,-2,-5,-2,-4,38.888888888888886,62.717885171416775,0,0.0
7,-11,-5,-2,-4,0,-2,45.00000000000001,61.93721602643536,0,0.0
74,-30,-7,-6,-8,-9,-8,21.42857142857143,44.061319383900035,0,0.0
75,-30,-7,-6,-8,-9,-7,26.66666666666667,49.66687422166874,0,0.0
76,-31,-7,-7,-9,-8,-7,26.66666666666667,46.908454987834546,0,0.0
77,-29,-8,-7,-9,-5,-8,21.42857142857143,43.48134991119005,0,0.0
78,-28,-8,-6,-9,-5,-8,21.42857142857143,41.86199824201582,0,0.0
79,-21,-5,-5,-6,-5,-6,25.0,40.41166129504835,0,0.0
80,-21,-6,-5,-6,-4,-5,30.769230769230774,38.555523000293,0,0.0
81,-17,-6,-5,-5,-1,-5,30.769230769230774,38.21418107237035,0,0.0
82,-14,-5,-5,-3,-1,-4,33.33333333333333,37.67213595077644,0,0.0
83,-6,-2,-3,0,-1,-2,39.99999999999999,50.20025839793282,1,32.109090909091535
84,-4,-2,-2,0,0,-2,39.99999999999999,59.08018867924528,1,27.527272727273512
85,-3,-2,-1,0,0,-3,36.36363636363636,59.399895178197056,0,0.0
132,-22,-5,-6,-6,-5,-6,12.5,42.022927689594354,1,19.555555555554882
133,-23,-6,-5,-6,-6,-5,22.222222222222214,42.091710758377424,1,19.91428571428644
134,-22,-6,-5,-6,-5,-5,22.222222222222214,42.07936507936508,1,26.699999999999502
135,-23,-6,-5,-7,-5,-5,22.222222222222214,44.624645892351275,1,35.200000000000784
136,-16,-4,-4,-5,-3,-4,25.0,44.670679886685555,1,18.02727272727345
137,-14,-4,-4,-5,-1,-4,25.0,42.3728813559322,1,32.50000000000086
138,-12,-4,-3,-5,0,-4,25.0,38.185752330226364,1,30.044444444444764
139,-11,-5,-1,-5,0,-4,25.0,36.814247669773636,1,34.70000000000084
140,-8,-4,0,-4,0,-1,44.44444444444444,35.462716378162455,1,37.033333333332806
141,-7,-4,0,-3,0,-1,44.44444444444444,35.01664447403463,1,37.44285714285645
157,-8,-1,0,-4,-3,-2,39.99999999999999,46.492666091458155,1,1.8666666666666831
160,-11,-3,-4,-1,-3,-2,39.99999999999999,54.8862660944206,0,0.0
161,-12,-4,-4,-1,-3,-2,39.99999999999999,54.08798283261803,0,0.0
162,-10,-4,-4,-1,-1,-1,44.44444444444444,53.069139966273184,0,0.0
163,-8,-3,-4,-1,0,-2,37.5,51.614671163575046,1,41.79999999999961
181,-7,-1,-2,-2,-2,-4,0.0,51.355728854229156,1,3.6999999999998145
182,-8,-2,-2,-2,-2,-3,20.0,52.51349730053989,1,34.94545454545528
183,-5,-2,-2,0,-1,-3,20.0,56.95260947810438,0,0.0
184,-5,-2,-2,0,-1,-3,20.0,56.34673065386922,0,0.0
185,-5,-2,-2,0,-1,-3,20.0,54.042085427135675,1,34.79999999999927
186,-4,-2,-2,0,0,-3,20.0,53.212939698492455,0,0.0
230,-26,-4,-6,-8,-8,-7,26.66666666666667,45.18014059753954,1,2.7444444444446603
231,-29,-7,-6,-8,-8,-6,31.25,49.75175746924428,0,0.0
232,-30,-7,-6,-9,-8,-4,37.5,50.38664323374341,0,0.0
233,-30,-8,-8,-7,-7,-4,37.5,49.84402460456942,0,0.0
234,-28,-8,-8,-7,-5,-5,33.33333333333333,49.336801040312096,0,0.0
235,-24,-8,-7,-6,-3,-5,33.33333333333333,47.85218899003034,0,0.0
236,-20,-9,-5,-5,-1,-5,33.33333333333333,46.66449934980494,0,0.0
237,-14,-7,-3,-4,0,-4,35.71428571428572,47.23233636757694,1,52.400000000000226
255,-7,-4,-2,-1,0,-1,42.857142857142854,49.117333333333335,0,0.0
337,-11,-3,-1,-4,-3,-2,37.5,38.4696150174992,1,0.6571428571433557
341,-18,-3,-4,-5,-6,-3,28.57142857142857,41.02449888641426,1,8.133333333333326
342,-17,-4,-3,-5,-5,-3,28.57142857142857,38.02127659574469,1,6.666666666667043
344,-16,-3,-4,-4,-5,-3,28.57142857142857,34.29179331306991,1,1.1333333333329865
345,-16,-4,-4,-4,-4,-3,28.57142857142857,34.30091185410335,1,4.627272727273368
358,-19,-4,-4,-6,-5,-3,33.33333333333333,40.52076002814919,1,16.399999999998638
359,-18,-4,-4,-6,-4,-1,45.45454545454546,37.769176636171714,1,44.1999999999998
360,-16,-4,-5,-4,-3,-1,45.45454545454546,37.55453905700211,1,29.64444444444436
361,-17,-6,-4,-4,-3,-4,30.0,37.54222378606615,1,41.990909090908744
362,-15,-6,-3,-4,-2,-6,25.0,27.47919143876338,1,30.200000000000227
363,-16,-5,-3,-3,-5,-2,42.857142857142854,33.90640516385302,1,63.555555555555586
364,-15,-5,-2,-3,-5,-1,46.666666666666664,36.32571996027805,1,51.523076923076786
365,-7,-2,-2,-1,-2,-2,43.75,36.434955312810324,1,1.2000000000000899
366,-7,-2,-2,-1,-2,-1,46.666666666666664,36.59880834160874,1,2.466666666666173
367,-5,-2,0,-1,-2,-2,42.857142857142854,35.79692154915591,1,9.333333333332305
395,-22,-4,-6,-5,-7,-4,30.0,24.72680412371134,1,15.166666666667217
396,-23,-3,-7,-6,-7,-4,30.0,26.445876288659793,1,22.90000000000014
397,-21,-3,-7,-6,-5,-2,41.66666666666667,27.277061855670098,1,49.03333333333371
398,-21,-7,-7,-3,-4,-1,46.15384615384615,29.87843137254902,1,93.80000000000055
399,-17,-7,-6,-2,-2,-1,46.15384615384615,35.22176308539945,1,91.18181818181914
400,-15,-7,-5,-1,-2,-1,46.15384615384615,35.50413223140495,1,90.94545454545577
439,-1,-1,0,0,0,-1,42.857142857142854,56.20163690476191,1,0.3111111111109288
471,-12,-2,-3,-4,-3,-1,46.15384615384615,25.137953686976516,1,16.43333333333219
472,-15,-3,-4,-4,-4,-2,41.66666666666667,25.790770241418954,1,48.09999999999981
473,-13,-4,-4,-3,-2,-2,41.66666666666667,25.623255050090325,1,36.31818181818236
474,-11,-4,-4,-2,-1,-2,41.66666666666667,25.95417966825423,1,45.65454545454539
475,-13,-4,-6,-2,-1,-3,36.36363636363636,25.630645426178354,1,47.39090909090859
476,-9,-4,-2,-2,-1,-4,30.0,25.679093447199868,1,52.02727272727303
503,-33,-7,-8,-9,-9,-10,14.285714285714292,39.186767746381804,1,31.70000000000006
504,-35,-9,-8,-9,-9,-8,21.42857142857143,40.809786354238454,1,58.59999999999977
505,-33,-9,-8,-9,-7,-9,20.0,40.85286009648518,1,60.59999999999954
506,-32,-9,-8,-9,-6,-12,16.666666666666657,42.48793935217092,1,32.600000000000406
507,-31,-9,-6,-9,-7,-14,11.111111111111114,45.9407305306685,1,23.19999999999989
508,-28,-9,-6,-9,-4,-14,11.111111111111114,47.97208821502412,1,42.90000000000016
509,-26,-9,-4,-9,-4,-14,11.111111111111114,46.902136457615434,1,9.000000000000119
516,-20,-4,-4,-5,-7,-8,16.666666666666657,52.128797603765506,1,1.7999999999995797
521,-34,-9,-7,-10,-8,-12,7.142857142857139,57.76269702276707,1,66.37142857142896
522,-32,-9,-5,-10,-8,-10,8.333333333333329,58.85507880910683,1,16.1
523,-32,-9,-4,-11,-8,-10,8.333333333333329,57.12346760070053,1,23.099999999999234
524,-34,-9,-5,-12,-8,-12,0.0,55.03721541155867,1,13.600000000000279
527,-30,-6,-6,-9,-9,-7,11.111111111111114,62.01876675603217,1,14.600000000000168
528,-29,-6,-5,-9,-9,-7,11.111111111111114,60.95174262734584,1,10.866666666667912
530,-37,-9,-7,-11,-10,-9,9.090909090909093,36.7576584774037,0,0.0
531,-30,-6,-8,-8,-8,-3,36.36363636363636,43.43059936908517,1,29.590909090908557
532,-29,-5,-9,-7,-8,-3,36.36363636363636,44.49053627760252,1,38.19999999999935
533,-26,-5,-7,-7,-7,-3,36.36363636363636,44.00788643533123,1,28.455555555555456
534,-26,-7,-7,-7,-5,-3,36.36363636363636,42.650803273719305,0,0.0
535,-25,-7,-7,-7,-4,-3,36.36363636363636,41.37617459836314,1,43.733333333333405
536,-23,-7,-5,-7,-4,-3,36.36363636363636,39.765080327371926,0,0.0
537,-16,-5,-4,-5,-2,-1,45.45454545454546,39.50439527129433,1,33.72857142857066
538,-11,-4,-4,-3,0,-1,45.45454545454546,38.36314034555926,1,39.53846153846086
539,-10,-4,-4,-2,0,-1,45.45454545454546,36.46559563504092,1,40.86666666666683
551,-5,-2,-2,0,-1,-3,28.57142857142857,44.07491721854304,0,0.0
552,-5,-1,-2,-1,-1,-2,37.5,43.01324503311258,0,0.0
553,-6,-2,-2,-1,-1,-2,37.5,42.08816225165563,0,0.0
554,-4,-1,-2,-1,0,-3,33.33333333333333,42.49793046357616,0,0.0
555,-4,-1,-2,-1,0,-2,39.99999999999999,47.74311531841652,0,0.0
605,-9,-2,-3,-2,-2,-3,33.33333333333333,42.47799295774648,1,16.822222222221406
606,-10,-3,-3,-2,-2,-4,25.0,42.78902582159624,1,35.800000000000274
607,-10,-3,-3,-2,-2,-2,37.5,42.27699530516432,1,52.200000000000024
608,-7,-2,-3,0,-2,-2,37.5,41.03873239436619,1,34.19999999999979
609,-5,-2,-3,0,0,-2,37.5,40.76731220657277,1,32.399999999999096
610,-5,-2,-3,0,0,-1,42.857142857142854,38.90845070422535,1,25.500000000000522
634,-21,-3,-5,-6,-7,-6,25.0,34.71026770586242,1,12.971428571428856
635,-22,-3,-7,-5,-7,-6,25.0,33.9495086411386,1,17.657142857143704
636,-21,-3,-7,-5,-6,-6,25.0,34.747543205692985,1,68.09999999999982
637,-21,-3,-8,-5,-5,-5,30.769230769230774,35.46086072517791,1,24.333333333332874
638,-20,-7,-6,-4,-3,-6,25.0,36.50796340223653,1,84.60000000000024
639,-18,-6,-6,-4,-2,-6,25.0,43.22768192048012,1,45.714285714285595
640,-15,-5,-4,-4,-2,-6,25.0,43.735933983495876,1,25.128571428570943
641,-15,-5,-4,-4,-2,-6,25.0,42.091432685385165,1,22.828571428571422
642,-6,-2,-3,-1,0,-4,30.0,38.29417773237998,1,15.699999999999603
683,-10,-2,-1,-3,-4,-2,33.33333333333333,60.14856081708449,1,8.099999999998664
684,-10,-2,-1,-3,-4,-2,33.33333333333333,61.85701021355617,1,3.4999999999996145
695,-10,-3,-2,-4,-1,-1,42.857142857142854,46.2050947093403,1,51.914285714285135
696,-10,-4,-2,-3,-1,-2,37.5,47.63553233180927,1,36.40000000000087
713,-31,-4,-9,-9,-9,-7,29.411764705882362,57.61764705882353,1,22.366666666666646
714,-32,-5,-9,-9,-9,-7,29.411764705882362,52.90261153427639,1,10.449999999999626
715,-32,-5,-9,-9,-9,-8,25.0,51.42546245919478,1,8.299999999999974
716,-30,-7,-9,-9,-5,-7,26.66666666666667,50.432535364526665,1,46.77777777777781
717,-32,-9,-9,-9,-5,-9,15.384615384615387,49.374319912948856,1,23.571428571429465
718,-28,-9,-6,-8,-5,-8,21.42857142857143,48.02230685527748,1,30.47142857142915
719,-25,-7,-6,-7,-5,-7,23.07692307692308,47.00489662676823,1,21.707692307693094
720,-23,-7,-5,-7,-4,-7,23.07692307692308,47.608813928182805,1,29.792307692307894
721,-17,-6,-4,-7,0,-7,23.07692307692308,49.00979325353645,1,30.00000000000003
722,-12,-4,-3,-5,0,-5,27.272727272727266,51.37649619151251,1,24.200000000000887
723,-9,-4,0,-5,0,-5,27.272727272727266,51.62948857453754,1,32.50000000000086
746,-18,-3,-4,-6,-5,-3,36.36363636363636,54.565033783783775,1,13.400000000001189
747,-17,-3,-4,-5,-5,-5,22.222222222222214,58.94847972972973,1,23.500000000000743
748,-18,-4,-5,-4,-5,-4,25.0,58.994932432432435,1,67.26666666666658
749,-19,-5,-5,-4,-5,-5,22.222222222222214,56.56250000000001,0,0.0
750,-18,-6,-5,-4,-3,-5,22.222222222222214,58.141891891891895,0,0.0
751,-18,-6,-5,-4,-3,-4,30.0,56.376689189189186,0,0.0
752,-13,-5,-3,-4,-1,-3,36.36363636363636,55.83614864864865,1,40.42857142857015
753,-9,-4,-3,-2,0,-3,36.36363636363636,56.448479729729726,1,36.44285714285655
754,-5,-2,-3,0,0,-2,39.99999999999999,56.1402027027027,1,26.171428571428734
755,-4,-2,-2,0,0,-2,39.99999999999999,54.85219594594595,1,18.46923076923135
804,-1,-1,0,0,0,-1,44.44444444444444,58.561588330632084,1,10.7727272727276
826,-27,-5,-7,-8,-7,-9,15.384615384615387,45.34375,1,39.5555555555549
827,-28,-7,-7,-7,-7,-11,13.333333333333329,44.1328125,1,54.60000000000021
828,-27,-7,-7,-7,-6,-10,14.285714285714292,46.82552083333333,0,0.0
829,-29,-8,-7,-7,-7,-12,12.5,49.0234375,0,0.0
830,-28,-8,-7,-7,-6,-10,18.75,36.90070396443127,1,46.222222222221944
834,-20,-7,0,-10,-3,-13,15.78947368421052,43.587077608614926,1,5.466666666666953
835,-18,-5,-2,-8,-3,-11,17.647058823529406,43.04493130337913,1,6.809090909092319
837,-8,-1,-3,-1,-3,-5,30.769230769230774,40.96732268845154,1,3.7999999999993594
840,-8,-1,-3,-2,-2,-6,28.57142857142857,37.75529149647234,1,10.885714285714387
841,-9,-2,-3,-2,-2,-3,39.99999999999999,38.475677682881546,1,43.49999999999965
854,-3,-1,-1,0,-1,-1,46.666666666666664,55.18858800773694,0,0.0
855,-4,-1,-1,-1,-1,-1,46.666666666666664,61.49513568868408,0,0.0
856,-4,-2,-1,-1,0,-2,42.857142857142854,61.546338965693806,0,0.0
857,-6,-4,-1,-1,0,-2,42.857142857142854,58.80299251870325,0,0.0
927,-4,-1,0,-3,0,-2,42.857142857142854,38.19062868700488,1,12.199999999998878
928,-6,-3,0,-3,0,-2,42.857142857142854,37.83499072981628,1,25.533333333332962
929,-6,-3,0,-3,0,-2,42.857142857142854,37.572026800670024,1,13.799999999999368
930,-6,-3,0,-3,0,-1,46.15384615384615,36.12124636745237,1,12.999999999999678
932,-8,-3,-2,-3,0,-3,33.33333333333333,35.640135615111404,1,50.499999999999986
933,-5,-3,-1,-1,0,-3,33.33333333333333,34.751372295770096,1,48.39999999999955
947,-6,-1,-1,-2,-2,-1,44.44444444444444,62.88697788697788,1,10.266666666667312
954,-8,-2,-1,-2,-3,-4,25.0,63.533623910336246,0,0.0
960,-12,-2,-4,-3,-3,-3,28.57142857142857,55.23081924577373,0,0.0
961,-14,-4,-4,-3,-3,-3,28.57142857142857,56.61248374512354,0,0.0
962,-13,-4,-3,-3,-3,-3,28.57142857142857,58.41027308192458,0,0.0
963,-12,-4,-3,-3,-2,-1,44.44444444444444,66.79550245959241,0,0.0
1014,-12,-3,-3,-3,-3,-2,39.99999999999999,68.08339709257842,0,0.0
1015,-12,-3,-3,-3,-3,-1,45.45454545454546,67.62050497322112,0,0.0
1018,-9,-3,-2,-2,-2,-2,37.5,62.75057383320581,0,0.0
1019,-9,-3,-2,-2,-2,-2,37.5,61.939556235654166,0,0.0
1102,-12,-2,-3,-3,-4,-2,33.33333333333333,44.268443893366396,1,8.614285714285685
1103,-13,-2,-4,-3,-4,-3,28.57142857142857,42.88282703037818,1,5.733333333333146
1104,-13,-3,-4,-3,-3,-3,28.57142857142857,44.364538127712336,0,0.0
1105,-14,-4,-4,-3,-3,-3,28.57142857142857,49.05897945659377,0,0.0
1106,-12,-3,-4,-3,-2,-4,16.666666666666657,48.27369118621604,0,0.0
1107,-12,-3,-4,-3,-2,-4,16.666666666666657,55.93444909344492,1,9.35714285714373
1108,-7,-2,-2,-2,-1,-3,20.0,57.64993026499303,1,8.466666666666622
1109,-6,-2,-2,-2,0,-3,20.0,54.73436449226631,1,17.733333333332936
1110,-3,-1,-1,-1,0,-3,20.0,54.199731002017494,1,21.18181818181908
1173,-2,-1,0,-1,0,-1,44.44444444444444,43.973634651600754,0,0.0
1174,-3,-3,0,0,0,-2,37.5,42.54551161330822,0,0.0
1226,-6,-1,-1,-3,-1,-4,25.0,46.03493737640079,1,13.266666666666982
1227,-7,-2,-1,-3,-1,-1,44.44444444444444,47.8345418589321,1,46.97777777777801
1228,-6,-3,-1,-1,-1,-1,44.44444444444444,47.23796967699407,1,59.37142857142863
1229,-8,-4,-2,-1,-1,-1,44.44444444444444,47.063282794990116,1,88.6666666666669
1230,-8,-4,-2,-1,-1,-2,37.5,43.843052109181144,1,58.10000000000093
1231,-5,-3,-1,-1,0,-2,37.5,42.40074441687345,1,27.099999999998793
1232,-5,-3,-1,-1,0,-2,37.5,40.890198511166254,1,27.046153846154162
1276,-18,-2,-5,-3,-8,-1,47.368421052631575,44.88124778447359,1,41.93333333333271
1278,-22,-3,-9,-2,-8,-2,44.44444444444444,46.16979794399149,1,54.30000000000046
1279,-23,-5,-9,-2,-7,-2,44.44444444444444,45.69833392414038,0,0.0
1280,-21,-5,-11,-2,-3,-3,41.17647058823529,46.043956043956044,1,31.972727272726598
1281,-19,-4,-11,-2,-2,-3,41.17647058823529,46.56859269762496,1,6.199999999999539
1330,-6,-2,-2,-1,-1,-4,16.666666666666657,46.12279511533243,0,0.0
1331,-6,-2,-2,-1,-1,-4,16.666666666666657,44.33514246947083,0,0.0
1332,-5,-2,-2,-1,0,-4,16.666666666666657,45.386702849389415,0,0.0
1413,-13,-4,-3,-4,-2,-1,46.15384615384615,45.690188360978354,1,83.86666666666653
1414,-13,-5,-3,-4,-1,-1,46.15384615384615,43.779870677537254,1,36.50000000000042
1415,-14,-4,-4,-4,-2,-2,41.66666666666667,52.331606217616574,1,34.91818181818207
1416,-13,-4,-4,-3,-2,-2,41.66666666666667,52.83863804589194,1,37.59999999999985
1417,-9,-4,-3,-2,0,-3,36.36363636363636,50.960399703923024,1,46.53333333333287
1432,-28,-6,-6,-8,-8,-6,31.25,60.4947475432057,1,86.70000000000067
1433,-30,-8,-6,-8,-8,-7,29.411764705882362,57.327698309492845,1,32.90000000000015
1434,-29,-8,-6,-8,-7,-6,33.33333333333333,56.599805888062114,1,52.49999999999977
1435,-31,-8,-8,-8,-7,-7,29.411764705882362,55.60821740537043,1,56.29999999999913
1436,-25,-8,-7,-8,-2,-7,29.411764705882362,54.51633775477192,1,59.09999999999971
1437,-24,-8,-7,-8,-1,-7,29.411764705882362,54.071497897120665,1,76.10000000000005
1438,-19,-7,-4,-7,-1,-5,35.294117647058826,52.15140731154966,1,53.69230769230793
1439,-10,-5,-2,-3,0,-2,43.75,53.785300506879075,1,60.733333333333746
1440,-7,-4,-1,-2,0,-2,43.75,51.380970011106996,1,48.80000000000106
1441,-6,-4,0,-2,0,-4,37.5,48.95223991114403,1,35.90000000000093
1465,-5,-2,-2,0,-1,-1,42.857142857142854,45.05357142857143,1,2.6307692307692143
1483,-18,-4,-2,-7,-5,-2,42.857142857142854,41.99333800841515,1,11.866666666666692
1484,-21,-5,-4,-7,-5,-2,42.857142857142854,42.301893408134646,1,19.528571428572008
1486,-28,-6,-6,-8,-8,-3,36.36363636363636,41.942496493688644,1,10.266666666667312
1488,-30,-6,-8,-8,-8,-5,22.222222222222214,41.369214586255254,1,1.5909090909083101
1489,-26,-5,-7,-7,-7,-4,30.0,40.739831697054704,1,15.699999999999603
1490,-27,-6,-6,-8,-7,-4,30.0,41.38499298737728,1,36.50000000000042
1491,-24,-6,-6,-7,-5,-4,30.0,42.225514116416875,1,39.59999999999964
1492,-21,-6,-5,-7,-3,-4,30.0,37.23145780051151,1,31.490909090908794
1493,-19,-5,-5,-6,-3,-3,33.33333333333333,36.3650895140665,1,31.40000000000032
1494,-15,-5,-3,-5,-2,-3,33.33333333333333,35.08312020460359,1,40.20000000000024
1495,-15,-5,-3,-5,-2,-2,39.99999999999999,34.325447570332486,1,64.4
1496,-10,-4,-3,-3,0,-2,39.99999999999999,34.14641943734015,1,47.338461538462
1497,-6,-3,-3,0,0,-1,44.44444444444444,34.512468030690535,1,46.799999999999066
1499,-3,-3,0,0,0,-1,42.857142857142854,56.9696029776675,1,50.29999999999979
1544,-15,-4,-3,-5,-3,-1,42.857142857142854,61.4427570093458,1,41.69999999999896
1586,-39,-8,-10,-11,-10,-4,38.888888888888886,42.40147783251231,1,85.60000000000012
1587,-32,-8,-9,-7,-8,-3,42.10526315789474,50.07337526205451,0,0.0
1588,-32,-9,-9,-6,-8,-2,45.00000000000001,50.640723270440255,0,0.0
1589,-29,-9,-8,-4,-8,-3,42.857142857142854,50.71671907756813,0,0.0
1590,-28,-10,-8,-4,-6,-3,42.857142857142854,49.776980261471415,0,0.0
1591,-20,-8,-8,-2,-2,-2,45.00000000000001,49.40912586516278,1,58.985714285714195
1609,-6,-3,-2,-1,0,-1,46.15384615384615,49.4841735052755,1,0.8999999999992347
1616,-8,-4,-1,-3,0,-2,43.75,49.13859338061465,1,27.444444444444382
1617,-9,-5,-1,-3,0,-4,35.71428571428572,49.21247044917257,1,42.49999999999976
1630,-12,-3,-4,-3,-2,-3,38.46153846153846,51.02257024412713,0,0.0
1631,-11,-4,-4,-2,-1,-3,38.46153846153846,48.64598364598365,1,33.69999999999984
1632,-10,-4,-4,-2,0,-4,33.33333333333333,48.754208754208754,0,0.0
1633,-8,-3,-3,-2,0,-2,39.99999999999999,48.72053872053872,1,15.899999999999803
1655,-9,-2,-2,-3,-2,-1,44.44444444444444,61.80282796543598,0,0.0
1656,-10,-4,-2,-2,-2,-1,44.44444444444444,62.26630007855459,0,0.0
1751,-12,-2,-2,-4,-4,-2,41.66666666666667,33.25727944372012,1,7.114285714285851
1752,-14,-2,-4,-4,-4,-3,38.46153846153846,35.48239895697523,1,0.5333333333334966
1753,-15,-4,-4,-4,-3,-4,35.71428571428572,35.89960886571056,0,0.0
1754,-16,-4,-4,-4,-4,-4,35.71428571428572,41.55292479108635,0,0.0
1755,-14,-4,-4,-4,-2,-4,35.71428571428572,47.05537306428907,0,0.0
1756,-15,-5,-4,-4,-2,-4,35.71428571428572,48.68371656499296,0,0.0
1757,-11,-4,-1,-4,-2,-3,38.46153846153846,45.840262582056894,1,16.618181818182087
1758,-11,-4,-1,-4,-2,-3,38.46153846153846,43.99786324786324,0,0.0
1759,-11,-4,-2,-3,-2,-4,33.33333333333333,42.97435897435897,0,0.0
1760,-9,-4,-2,-3,0,-4,33.33333333333333,43.47863247863248,0,0.0
1839,-61,-12,-12,-16,-21,-19,19.354838709677423,52.03651685393258,1,50.3000000000009
1840,-66,-13,-13,-17,-23,-20,18.75,54.969749351771824,1,31.814285714285575
1843,-69,-16,-16,-21,-16,-19,21.212121212121204,63.994962820820334,1,77.0000000000004
1844,-67,-15,-15,-22,-15,-17,22.58064516129032,64.05523944997628,1,79.79999999999987
1845,-65,-16,-14,-21,-14,-17,22.58064516129032,58.35328689595124,1,106.50000000000048
1846,-66,-17,-15,-20,-14,-16,23.33333333333333,57.261645624727905,1,107.4909090909093
1847,-55,-13,-14,-16,-12,-14,25.0,55.007618632999566,1,76.8000000000002
1848,-52,-15,-14,-14,-9,-13,25.925925925925924,54.06290814105355,1,39.98571428571407
1849,-41,-11,-12,-11,-7,-9,32.0,49.8062690465825,1,53.83076923076935
1850,-34,-10,-12,-10,-2,-6,39.285714285714285,48.68088811493252,1,71.25714285714291
1851,-28,-9,-10,-7,-2,-7,37.93103448275862,51.06552024379625,1,54.33846153846233
1852,-17,-9,0,-7,-1,-7,37.93103448275862,48.14105354810622,1,68.06153846153795
1853,-12,-7,-1,-4,0,-5,40.74074074074074,44.67458043389276,1,65.16666666666725
1882,-12,-1,-2,-3,-6,-1,45.45454545454546,34.84543670264966,1,2.2999999999995246
1883,-15,-3,-4,-2,-6,-3,38.46153846153846,32.66315014720314,1,9.700000000000264
1884,-17,-3,-6,-2,-6,-3,38.46153846153846,32.580961727183514,1,12.750000000000261
1885,-14,-3,-6,-2,-3,-2,42.857142857142854,33.352551521099116,1,30.400000000000425
1886,-14,-3,-6,-2,-3,-2,42.857142857142854,34.78410206084396,1,57.000000000000384
1897,-25,-5,-5,-7,-8,-9,28.57142857142857,43.56644144144144,1,6.633333333333491
1898,-27,-7,-5,-7,-8,-7,31.578947368421055,33.3136,0,0.0
1900,-36,-7,-8,-10,-11,-9,23.529411764705884,39.7976,1,9.545454545454302
1901,-36,-7,-10,-11,-8,-10,18.75,41.38186857981412,1,15.209090909090728
1902,-35,-7,-11,-11,-6,-8,27.77777777777777,41.817218327083,1,41.87272727272595
1903,-28,-7,-7,-9,-5,-6,31.25,41.93298548834176,1,85.79999999999922
1904,-30,-10,-6,-9,-5,-7,29.411764705882362,41.6060655470406,0,0.0
1905,-28,-12,-5,-9,-2,-7,29.411764705882362,41.476438936898745,1,165.93333333333237
1906,-26,-11,-5,-9,-1,-10,25.0,41.09978803195826,1,33.94285714285683
1964,-9,-3,-3,-2,-1,-3,28.57142857142857,45.87708830548925,1,43.1999999999999
1967,-13,-3,-3,-3,-4,-2,39.99999999999999,41.53341288782816,1,23.400000000000087
1968,-10,-3,-3,-3,-1,-3,33.33333333333333,42.70087509944312,1,20.950000000000692
1973,-3,-1,0,-2,0,-2,39.99999999999999,44.113876319758674,1,2.300000000000635
2016,-20,-4,-3,-7,-6,-4,37.5,37.843230403800476,1,23.328571428571365
2017,-22,-4,-5,-7,-6,-4,37.5,61.972984942426926,1,22.74285714285673
2018,-27,-8,-6,-7,-6,-5,35.294117647058826,32.46120792551921,1,111.53333333333349
2019,-26,-8,-7,-7,-4,-6,31.25,37.386010981141084,1,108.38571428571476
2020,-26,-8,-7,-7,-4,-6,31.25,37.170032879286055,1,90.00000000000009
2021,-23,-7,-5,-7,-4,-6,31.25,36.59464537341475,1,2.807692307692511
2030,-6,-1,-1,-3,-1,-1,44.44444444444444,28.254541220307406,1,6.500000000000394
2033,-9,-4,-3,-1,-1,-1,39.99999999999999,27.10415745245467,1,52.39999999999911
2034,-8,-4,-2,-1,-1,-1,39.99999999999999,26.341220698805838,1,26.361538461537883
2035,-6,-3,-2,-1,0,-2,25.0,25.507518796992485,1,3.8571428571432254
2052,-35,-7,-8,-12,-8,-9,9.090909090909093,66.75881133379406,1,5.600000000000049
2053,-38,-8,-9,-13,-8,-9,9.090909090909093,69.76157567380788,1,36.300000000000225
2054,-35,-9,-8,-11,-7,-9,9.090909090909093,66.61548304542548,1,67.69999999999942
2055,-35,-10,-8,-10,-7,-9,9.090909090909093,80.18266475644698,1,69.91818181818155
2056,-31,-8,-7,-9,-7,-9,9.090909090909093,82.03080229226362,1,51.20000000000013
2057,-28,-8,-7,-7,-6,-9,9.090909090909093,82.06303724928367,1,2.985714285713703
2059,-22,-6,-6,-6,-4,-6,25.0,76.5601631543168,1,8.414285714285485
2060,-18,-5,-4,-5,-4,-4,30.0,73.53161114887831,1,15.600000000000058
2061,-14,-5,-1,-6,-2,-5,27.272727272727266,72.4881033310673,1,6.366666666667298
2062,-14,-5,-2,-6,-1,-5,27.272727272727266,70.2345343303875,1,4.233333333333311
2063,-12,-4,-2,-5,-1,-3,36.36363636363636,67.02583276682529,1,13.927272727273232
2111,-13,-3,-3,-4,-3,-1,39.99999999999999,36.30822812363953,1,41.60000000000053
2116,-8,-4,-1,-3,0,-2,25.0,44.014272970562,1,7.561538461537953
2127,-13,-2,-5,-1,-5,-1,44.44444444444444,54.94388327721661,0,0.0
2128,-13,-2,-5,-1,-5,-1,44.44444444444444,55.347923681257015,0,0.0
2129,-11,-2,-5,0,-4,-1,44.44444444444444,54.46127946127947,0,0.0
2130,-14,-5,-6,0,-3,-1,44.44444444444444,50.90572033898305,0,0.0
2131,-10,-3,-6,0,-1,-1,44.44444444444444,48.73411016949153,0,0.0
2182,-14,-1,-5,-4,-4,-2,39.99999999999999,54.94769874476988,1,0.3999999999992898
2183,-14,-2,-5,-3,-4,-2,39.99999999999999,51.35634588563459,1,10.11428571428552
2184,-12,-2,-4,-3,-3,-2,39.99999999999999,53.1136680613668,1,17.27142857142816
2185,-14,-5,-4,-3,-2,-1,45.45454545454546,53.63668061366806,0,0.0
2186,-11,-5,-3,-2,-1,-1,45.45454545454546,49.57842529448233,1,43.5769230769234
2203,-7,-1,-3,-2,-1,-2,39.99999999999999,49.752747252747255,1,0.6666666666665932
2205,-10,-2,-2,-3,-3,-4,30.0,49.61233211233211,1,2.014285714285746
2206,-10,-2,-2,-3,-3,-4,30.0,47.915140415140414,1,16.333333333332646
2207,-11,-3,-3,-3,-2,-5,22.222222222222214,50.15742642026009,1,28.371428571428716
2208,-7,-3,-1,-3,0,-4,30.0,50.9034907597536,0,0.0
2209,-7,-3,-1,-3,0,-4,30.0,52.20054757015743,1,36.000000000000476
2210,-5,-3,0,-2,0,-5,27.272727272727266,56.263307310149045,1,28.93333333333303
2211,-5,-3,0,-2,0,-5,27.272727272727266,58.98509581263307,1,28.34545454545534
2222,-1,0,0,-1,0,-1,42.857142857142854,38.70025839793282,1,2.9000000000001247
2223,0,0,0,0,0,-1,42.857142857142854,42.65374677002584,0,0.0
2292,-19,-4,-4,-7,-4,-2,41.66666666666667,58.42123769338959,1,46.26666666666668
2293,-22,-6,-4,-7,-5,-3,38.46153846153846,60.26722925457103,0,0.0
2296,-20,-7,-5,-5,-3,-2,42.857142857142854,49.38396833250865,1,108.80000000000001
2297,-20,-8,-5,-5,-2,-2,42.857142857142854,47.59772389905987,1,116.98888888888814
2298,-15,-7,-3,-5,0,-3,38.46153846153846,44.859121298949376,1,53.70000000000097
2299,-12,-6,-2,-4,0,-2,41.66666666666667,42.566857688634194,1,62.407692307693274
2315,-11,-2,-4,-2,-3,-1,39.99999999999999,42.11099847947288,1,31.933333333333813
2316,-12,-3,-4,-2,-3,-1,39.99999999999999,42.99036999493158,1,56.400000000000894
2317,-10,-3,-3,-2,-2,-1,39.99999999999999,43.97871262037506,1,59.45714285714332
2318,-10,-4,-3,-1,-2,-2,33.33333333333333,45.8590978205778,1,27.500000000000302
2319,-6,-2,-3,-1,0,-1,42.857142857142854,55.89808558558559,1,15.230769230768493
2352,-11,-3,-1,-3,-4,-2,25.0,49.81426448736998,1,4.8000000000003595
2354,-13,-2,-4,-4,-3,-1,39.99999999999999,53.480683506686475,1,14.1636363636366
2355,-10,-2,-3,-2,-3,-1,39.99999999999999,57.77860326894503,1,19.50000000000007
2387,-17,-2,-6,-4,-5,-4,25.0,39.215880893300245,1,1.1333333333329865
2388,-20,-5,-6,-4,-5,-4,25.0,39.51861042183623,0,0.0
2389,-19,-4,-6,-4,-5,-4,25.0,40.52605459057072,1,22.799999999999486
2390,-18,-4,-6,-4,-4,-1,45.45454545454546,41.883374689826304,1,57.09999999999993
2391,-13,-4,-5,-1,-3,-1,45.45454545454546,45.21091811414392,1,57.800000000000075
2392,-9,-4,-4,-1,0,-1,45.45454545454546,45.86600496277916,1,71.1000000000006
2410,-16,-4,-6,-3,-3,-3,28.57142857142857,40.725173210161664,0,0.0
2411,-16,-5,-5,-3,-3,-3,28.57142857142857,38.8013856812933,0,0.0
2412,-14,-5,-4,-3,-2,-2,37.5,39.905311778290994,0,0.0
2413,-9,-3,-4,-2,0,-2,37.5,41.15704387990762,1,23.857142857143245
2414,-7,-2,-3,-2,0,-1,44.44444444444444,42.88683602771363,1,26.971428571428426
2415,-2,-2,0,0,0,-1,44.44444444444444,47.62859839546956,1,19.569230769230785
2462,-6,-1,-1,-3,-1,-1,45.45454545454546,31.13776559287183,1,8.166666666666877
2463,-9,-3,-1,-4,-1,-1,45.45454545454546,36.83199441145651,1,21.03333333333235
2464,-9,-4,-1,-4,0,-1,45.45454545454546,37.94621026894866,1,42.79999999999951
2465,-11,-4,-2,-4,-1,-1,45.45454545454546,38.154034229828845,1,19.899999999999363
2466,-12,-4,-3,-4,-1,-2,39.99999999999999,38.480306727082606,1,19.700000000000273
2467,-11,-4,-3,-4,0,-4,30.0,37.48867201115371,1,7.300000000000084
2484,-36,-9,-8,-11,-8,-10,8.333333333333329,26.987679671457904,1,39.199999999999235
2485,-37,-11,-6,-11,-9,-8,21.42857142857143,27.383983572895275,1,78.50000000000024
2486,-35,-10,-6,-10,-9,-7,26.66666666666667,28.847022587268995,1,100.29999999999984
2487,-33,-9,-6,-9,-9,-6,28.57142857142857,30.97741273100616,1,106.19999999999963
2488,-25,-7,-6,-7,-5,-5,30.769230769230774,32.01334702258727,1,28.099999999999792
2489,-25,-7,-8,-7,-3,-4,33.33333333333333,32.63860369609856,1,37.33333333333366
2490,-22,-7,-5,-7,-3,-5,27.272727272727266,32.29671457905544,1,40.86666666666683
2491,-17,-7,-3,-7,0,-5,27.272727272727266,31.705338809034906,1,52.799999999999514
2492,-17,-7,-3,-7,0,-5,27.272727272727266,31.04517453798768,1,62.699999999999974
2493,-15,-6,-2,-7,0,-5,27.272727272727266,31.503080082135526,1,27.20769230769249
2541,-20,-4,-5,-4,-7,-4,35.71428571428572,33.54022704837117,1,9.042857142856908
2542,-22,-4,-7,-5,-6,-3,38.46153846153846,33.204590325765054,1,15.454545454545165
2543,-22,-4,-7,-5,-6,-3,38.46153846153846,31.647334649555773,1,14.190909090908699
2544,-21,-4,-6,-5,-6,-3,38.46153846153846,32.08045409674235,1,27.227272727272656
2545,-15,-3,-6,-4,-2,-2,41.66666666666667,32.48519249753208,1,36.23333333333312
2546,-15,-5,-6,-3,-1,-2,41.66666666666667,33.046643632773936,1,58.32307692307581
2547,-9,-4,-3,-2,0,-2,41.66666666666667,37.308294209702666,1,36.7428571428563
2548,-6,-3,-2,-1,0,-2,41.66666666666667,37.73604590505999,1,40.79999999999973
2549,-4,-3,0,-1,0,-2,41.66666666666667,37.01356285863328,1,46.69999999999952
2568,-11,-3,-3,-3,-2,-5,22.222222222222214,40.30519790176443,1,22.533333333333296
2569,-12,-4,-3,-3,-2,-4,30.0,41.149260848831666,1,29.46666666666653
2570,-9,-3,-1,-3,-2,-3,36.36363636363636,41.92894611349547,1,38.34545454545424
2571,-9,-3,-1,-3,-2,-3,36.36363636363636,45.702137998056365,1,39.59999999999964
2572,-8,-3,-1,-3,-1,-2,41.66666666666667,45.79931972789115,1,36.80000000000017
2573,-8,-4,-2,-2,0,-2,41.66666666666667,43.54645593869732,1,48.31111111111008
2574,-7,-4,-1,-2,0,-1,45.45454545454546,41.317241379310346,1,53.05555555555452
2604,-9,-3,-1,-4,-1,-1,42.857142857142854,53.0621693121693,1,32.600000000000406
2605,-10,-4,-1,-4,-1,-1,42.857142857142854,52.761243386243386,1,44.12857142857107
2607,-9,-4,-1,-3,-1,-2,39.99999999999999,54.936231884057975,1,68.90000000000063
2608,-11,-4,-4,-3,0,-3,33.33333333333333,56.01159420289855,1,15.161538461537782
2609,-9,-4,-2,-3,0,-4,25.0,53.64057971014492,1,17.238461538461316
2610,-6,-3,0,-3,0,-4,25.0,49.417396061269145,1,6.257142857143405
2611,-5,-3,0,-2,0,-4,25.0,47.11433260393873,1,8.700000000000374
2612,-4,-2,0,-2,0,-4,25.0,45.24070021881838,1,0.7714285714288671
2624,-12,-2,-5,-3,-2,-2,41.66666666666667,38.29063809967396,1,17.700000000000493
2625,-11,-2,-5,-2,-2,-2,41.66666666666667,38.60270144387517,1,18.422222222223006
2626,-12,-3,-5,-2,-2,-3,36.36363636363636,35.528644620400556,1,40.09999999999958
2628,-6,-2,-3,0,-1,-1,44.44444444444444,31.886353050768516,1,38.76363636363678
2629,-6,-2,-3,0,-1,-1,44.44444444444444,31.858407079646017,1,49.97142857142922
2630,-2,-1,-1,0,0,-1,44.44444444444444,32.05170004657662,1,17.29999999999898
2675,-30,-5,-9,-8,-8,-8,0.0,27.801963294921038,1,29.000000000000135
2676,-29,-7,-8,-8,-6,-8,0.0,28.563807084933845,1,66.07777777777768
2677,-31,-9,-8,-8,-6,-3,38.46153846153846,23.714085494043445,1,102.46153846153905
2678,-25,-9,-7,-3,-6,-2,42.857142857142854,28.4635599159075,1,137.1545454545453
2679,-19,-9,-6,-1,-3,-2,42.857142857142854,33.14046579330422,1,152.0363636363642
2680,-14,-7,-6,0,-1,-1,46.15384615384615,33.795487627365354,1,107.60769230769296
2681,-10,-7,-3,0,0,-1,46.15384615384615,33.29148471615721,1,108.79230769230807
2724,-1,0,0,0,-1,-1,0.0,34.24313725490196,1,4.8000000000003595
2725,-2,0,-1,0,-1,-1,0.0,16.06240981240981,1,13.600000000000279
2726,-2,-1,-1,0,0,-1,0.0,20.82251082251082,1,22.4666666666673
2747,-16,-2,-5,-4,-5,-6,0.0,36.24352331606217,1,0.700000000000145
2748,-18,-4,-5,-4,-5,-5,14.285714285714292,36.66173205033309,1,29.74285714285707
2749,-18,-4,-5,-4,-5,-5,14.285714285714292,37.057735011102885,1,32.238461538461884
2750,-18,-5,-5,-4,-4,-5,14.285714285714292,38.860103626943,1,61.60000000000054
2751,-15,-4,-5,-4,-2,-6,12.5,44.444866920152094,1,18.818181818180957
2752,-13,-4,-5,-4,0,-6,12.5,44.79847908745248,1,21.35454545454496
2753,-11,-4,-3,-4,0,-6,12.5,44.14828897338403,1,28.790909090907757
2754,-8,-4,0,-4,0,-6,12.5,43.59398496240601,1,8.842857142856708
2755,-8,-4,0,-4,0,-6,12.5,42.34586466165414,1,13.038461538461554
2756,-6,-3,0,-3,0,-5,14.285714285714292,40.36466165413534,1,3.1000000000003247
2768,-8,-1,-2,-3,-2,-2,0.0,40.62051649928264,1,1.2999999999996348
2769,-8,-2,-2,-2,-2,-2,0.0,40.344332855093256,1,18.500000000000185
2770,-8,-2,-2,-2,-2,-2,0.0,39.103299856527975,1,22.999999999999687
2771,-6,-2,-2,-1,-1,-1,0.0,36.64992826398852,1,42.07142857142965
2772,-5,-2,-2,0,-1,-1,0.0,37.90889526542325,1,29.72727272727349
2773,-4,-2,-2,0,0,-1,0.0,38.855810616929695,1,34.14545454545448
2774,-3,-1,-2,0,0,-1,0.0,40.35509325681492,1,17.985714285714273
2775,-1,-1,0,0,0,-1,0.0,45.0,1,14.385714285714002
2789,-41,-7,-9,-10,-15,-14,11.111111111111114,19.37738975274025,1,10.399999999999299
2790,-39,-7,-12,-13,-7,-14,11.111111111111114,18.980594601318572,1,44.76666666666684
2791,-40,-7,-14,-13,-6,-14,11.111111111111114,18.743002861052368,1,20.700000000000163
2792,-32,-8,-5,-13,-6,-14,11.111111111111114,18.64286602811295,1,32.400000000000205
2793,-36,-10,-6,-14,-6,-15,10.526315789473685,18.81950491354646,1,44.01111111111078
2794,-40,-13,-6,-14,-7,-15,10.526315789473685,18.655927354148528,1,82.80000000000065
2795,-41,-13,-6,-14,-8,-14,15.0,19.1951735290459,1,77.16363636363633
2796,-27,-6,-6,-7,-8,-5,27.272727272727266,19.804702077372806,1,69.00000000000017
2797,-27,-7,-6,-7,-7,-7,23.07692307692308,48.79541864139021,1,0.700000000000145
2799,-29,-7,-6,-9,-7,-8,25.0,36.811408016443984,1,0.5999999999994898
2800,-27,-7,-4,-9,-7,-10,14.285714285714292,37.54881808838644,1,10.400000000000409
2802,-23,-6,-3,-8,-6,-10,22.222222222222214,37.38694758478931,1,8.00000000000023
2803,-24,-6,-3,-9,-6,-8,25.0,36.3103802672148,1,7.500000000000284
2807,-19,-4,-6,-4,-5,-4,33.33333333333333,33.59198355601233,1,45.442857142856674
2808,-19,-5,-7,-4,-3,-3,38.46153846153846,33.91572456320658,1,38.999999999999034
2809,-17,-5,-5,-4,-3,-3,38.46153846153846,33.96711202466598,1,25.47692307692362
2810,-15,-4,-4,-4,-3,-2,42.857142857142854,35.07194244604317,1,32.14285714285725
2811,-11,-4,-4,-2,-1,-1,46.666666666666664,38.75491480996068,1,48.33333333333356
2852,0,0,0,0,0,-1,0.0,53.95429362880887,1,2.9000000000001247
2853,0,0,0,0,0,-1,0.0,52.83240997229917,1,2.60000000000038
2854,0,0,0,0,0,-1,0.0,48.81232686980609,1,8.799999999999919
2889,-16,-3,-5,-4,-4,-3,0.0,45.64722617354196,1,17.199999999999438
2890,-16,-3,-5,-4,-4,-3,0.0,43.22190611664296,1,22.699999999999942
2891,-17,-5,-4,-4,-4,-5,0.0,40.02133712660029,1,33.90000000000004
2892,-18,-5,-4,-4,-5,-5,0.0,41.258890469416784,1,44.25555555555461
2893,-16,-5,-4,-4,-3,-5,0.0,42.20483641536273,1,7.028571428571162
2894,-15,-4,-4,-4,-3,-5,0.0,44.279749478079324,1,3.042857142856459
2905,-8,-2,-2,-3,-1,-3,20.0,44.89507959479016,1,22.077777777776973
2906,-7,-2,-2,-2,-1,-5,14.285714285714292,39.095209934949736,1,5.114285714284961
2909,-9,-3,-1,-2,-3,-5,22.222222222222214,45.64458900059137,1,9.300000000000974
2910,-9,-3,-1,-2,-3,-5,22.222222222222214,44.2468134414832,1,6.899999999999684
2916,-10,-2,-2,-3,-3,-1,42.857142857142854,35.0260718424102,1,6.122222222222362
2954,-26,-9,-5,-7,-5,-4,38.888888888888886,31.576666666666664,1,130.09999999999965
2955,-27,-9,-5,-7,-6,-3,42.10526315789474,35.11833333333333,1,41.4909090909088
2956,-24,-8,-7,-7,-2,-4,38.888888888888886,36.11666666666667,1,19.100000000000783
2957,-22,-8,-7,-7,0,-4,38.888888888888886,38.66166666666667,1,21.86666666666781
2958,-15,-7,-1,-7,0,-7,26.66666666666667,36.854944335297965,1,1.40000000000029
2969,-21,-4,-5,-7,-5,-3,36.36363636363636,39.64073726960326,1,19.84285714285661
2970,-21,-5,-4,-7,-5,-4,30.0,39.94689159637613,1,14.599999999999058
2971,-21,-5,-4,-7,-5,-4,30.0,39.23930021868166,1,14.155555555555033
2972,-24,-7,-5,-7,-5,-5,22.222222222222214,38.895657606997815,1,47.399999999999665
2973,-22,-6,-5,-6,-5,-5,22.222222222222214,39.3455170259294,1,3.614285714286236
2974,-18,-4,-5,-5,-4,-2,33.33333333333333,38.539518900343644,1,8.611111111110903
2975,-17,-4,-4,-5,-4,-2,33.33333333333333,36.232427366447986,1,32.05555555555573
2976,-13,-4,-3,-4,-2,-1,42.857142857142854,37.02436738519213,1,56.30000000000024
3012,-11,-3,-2,-3,-3,-2,43.75,30.12109375,1,27.171428571429736
3015,-8,-3,-4,-1,0,-1,47.05882352941176,37.28125,1,30.50000000000108
3016,-7,-3,-3,-1,0,-2,43.75,38.36328125,1,33.30000000000055
3017,-2,-2,0,0,0,-2,43.75,38.07421875,1,33.36363636363693
3034,-14,-2,-5,-4,-3,-5,14.285714285714292,41.429290387518876,1,7.333333333332526
3035,-16,-4,-5,-4,-3,-5,14.285714285714292,48.381294964028775,1,50.09999999999959
3036,-12,-4,-3,-3,-2,-6,12.5,49.015696533682146,1,36.999999999999254
3037,-13,-5,-3,-3,-2,-6,12.5,49.91170699803793,1,15.166666666667217
3038,-14,-5,-3,-3,-3,-6,12.5,42.512064343163544,1,11.03333333333345
3055,-26,-5,-5,-9,-7,-5,14.285714285714292,32.22984813084112,1,3.5000000000007248
3056,-23,-4,-6,-7,-6,-4,16.666666666666657,31.34783878504673,1,0.700000000000145
3057,-23,-5,-6,-7,-5,-5,14.285714285714292,31.544976635514015,1,17.399999999999636
3058,-24,-6,-6,-7,-5,-5,14.285714285714292,31.327394859813083,1,31.46666666666742
3059,-23,-6,-5,-7,-5,-5,14.285714285714292,29.557535046728972,1,38.9000000000006
3060,-20,-5,-4,-6,-5,-4,16.666666666666657,30.876168224299068,1,3.366666666666518
3061,-18,-5,-4,-6,-3,-4,16.666666666666657,32.026869158878505,1,6.433333333332181
3062,-16,-4,-4,-5,-3,-4,16.666666666666657,33.23598130841122,1,6.527272727272493
3063,-15,-4,-3,-5,-3,-2,33.33333333333333,36.20765186915888,1,33.99999999999959
3064,-13,-4,-3,-5,-1,-2,33.33333333333333,36.70706775700934,1,18.990909090907948
3065,-13,-4,-3,-5,-1,-2,33.33333333333333,36.48802570093458,1,22.427272727272296
3066,-9,-3,-1,-4,-1,-2,33.33333333333333,34.914828260262496,1,22.499999999999744
3110,-7,-1,-1,-3,-2,-1,42.857142857142854,43.32765667574932,1,29.47272727272687
3111,-4,-1,-1,0,-2,-1,42.857142857142854,47.36716621253406,1,22.78181818181846
3112,-4,-1,-2,0,-1,-1,42.857142857142854,48.5558583106267,1,21.800000000000708
3136,-4,-1,0,-2,-1,-2,33.33333333333333,17.28033088235294,1,5.866666666667353
3137,-3,-1,0,-1,-1,-2,33.33333333333333,21.896139705882355,1,16.38181818181872
3138,-2,-1,0,0,-1,-1,39.99999999999999,22.852022058823533,1,25.266666666666772
3141,-5,-2,-2,0,-1,-1,33.33333333333333,21.160845588235297,1,46.522222222222794
3142,-3,-1,-2,0,0,-1,33.33333333333333,20.77389705882353,1,20.085714285713596
3166,-19,-3,-6,-5,-5,-2,37.5,42.57549857549858,1,10.100000000000664
3167,-17,-3,-5,-5,-4,-2,37.5,39.81766381766382,1,24.133333333333784
3168,-17,-5,-5,-4,-3,-2,37.5,40.41595441595442,1,58.00000000000027
3169,-17,-5,-5,-4,-3,-2,37.5,40.857549857549856,1,40.276923076923985
3170,-15,-5,-4,-3,-3,-2,37.5,42.34188034188035,1,53.92307692307696
3171,-12,-5,-3,-2,-2,-2,37.5,46.27635327635328,1,66.6
3172,-9,-4,-3,-2,0,-2,37.5,47.142450142450144,1,35.8181818181813
3204,-2,-2,0,0,0,-2,33.33333333333333,25.247022496691663,1,43.400000000000105
3205,-3,-2,0,-1,0,-2,33.33333333333333,26.09836788707543,1,25.90909090909088
3206,-2,-1,0,-1,0,-1,42.857142857142854,27.653286281429203,1,29.600000000000737
3228,-17,-4,-4,-5,-4,-5,14.285714285714292,28.13563017880506,1,10.23333333333265
3229,-17,-4,-4,-5,-4,-5,14.285714285714292,29.01439162668992,1,22.166666666666444
3230,-16,-4,-4,-4,-4,-6,12.5,30.185346707370257,1,10.327272727272963
3231,-14,-3,-4,-3,-4,-5,14.285714285714292,34.9816091954023,1,21.95714285714301
3234,-10,-3,-1,-4,-2,-5,14.285714285714292,33.33697552447553,1,0.14545454545489278
3235,-9,-3,0,-4,-2,-5,14.285714285714292,32.60926573426573,1,8.099999999999774
3236,-9,-3,-1,-5,0,-5,14.285714285714292,31.815996503496507,1,2.4999999999997247
3240,-4,-2,0,-1,-1,-1,39.99999999999999,41.387874360847334,1,22.90000000000014
3241,-4,-2,0,-1,-1,-1,39.99999999999999,42.38860482103725,1,24.100000000000232
3244,-3,-2,-1,0,0,-1,33.33333333333333,44.407665505226475,1,23.83076923076821
3245,-2,-1,-1,0,0,-1,33.33333333333333,43.369337979094084,1,16.68571428571464
3246,-2,-1,-1,0,0,-1,33.33333333333333,43.296167247386755,1,12.485714285714877
3275,-10,-2,-3,-3,-2,-1,33.33333333333333,41.090534979423865,1,7.700000000000484
3295,-8,-3,-1,-3,-1,-1,39.99999999999999,36.74259681093394,1,25.357142857143078
3297,-12,-3,-2,-3,-4,-2,33.33333333333333,40.06833712984055,1,2.3333333333330764
3309,-27,-4,-8,-7,-8,-5,22.222222222222214,46.87041564792176,1,35.56666666666652
3310,-25,-4,-9,-7,-5,-5,22.222222222222214,45.78545232273839,1,38.66666666666796
3311,-25,-5,-8,-7,-5,-5,22.222222222222214,42.493887530562354,1,49.52857142857092
3312,-24,-8,-6,-7,-3,-6,20.0,43.325183374083124,1,86.69999999999956
3313,-24,-8,-6,-7,-3,-6,20.0,44.84107579462103,1,39.566666666667196
3314,-20,-7,-3,-7,-3,-7,18.181818181818187,46.839853300733495,1,4.700000000000815
3316,-13,-4,-3,-4,-2,-5,22.222222222222214,38.06894997746733,1,0.13846153846253095
3318,-8,-3,-1,-4,0,-4,25.0,41.01847679134746,1,0.8000000000008001
3331,-29,-6,-7,-8,-8,-11,0.0,47.925793473401875,1,18.799999999999926
3332,-29,-6,-7,-8,-8,-12,0.0,47.434063477872144,1,16.66666666666705
3333,-30,-7,-7,-8,-8,-12,0.0,48.86678587393831,1,14.866666666667472
3334,-31,-7,-8,-9,-7,-12,0.0,48.16942333482343,0,0.0
3335,-29,-7,-6,-9,-7,-12,0.0,48.66338846669647,0,0.0
3336,-28,-8,-5,-9,-6,-12,0.0,51.432722396066154,0,0.0
3337,-22,-7,-4,-8,-3,-11,0.0,48.31694233348234,0,0.0
3338,-26,-8,-5,-10,-3,-11,0.0,48.341528833258835,0,0.0
3339,-18,-6,-2,-7,-3,-8,10.0,52.08091193562807,0,0.0
3340,-17,-5,-3,-6,-3,-8,10.0,52.4139472507823,0,0.0
3341,-15,-4,-3,-5,-3,-7,11.111111111111114,50.2123379526151,0,0.0
3342,-13,-4,-3,-4,-2,-6,12.5,49.77872150201162,0,0.0
3343,-10,-3,-3,-2,-2,-3,28.57142857142857,49.76531068395172,0,0.0
3344,-11,-4,-3,-2,-2,-2,37.5,46.732230666070635,0,0.0
3345,-6,-2,-2,-1,-1,-2,37.5,45.867232901206975,0,0.0
3346,-4,-2,-2,0,0,-1,42.857142857142854,44.33616450603486,0,0.0
3396,-9,-3,-2,-2,-2,-1,33.33333333333333,30.811943425877423,0,0.0
3397,-9,-2,-3,-2,-2,-1,33.33333333333333,30.94290204295443,0,0.0
3477,-3,-2,-1,0,0,-2,25.0,23.60005238344683,1,14.677777777777345
3478,-3,-2,-1,0,0,-1,33.33333333333333,21.991880565741226,1,8.799999999999919
3489,-15,-2,-4,-5,-4,-1,33.33333333333333,23.394303632087794,1,3.333333333332966
3490,-17,-4,-4,-5,-4,-2,25.0,23.413901228116014,1,28.442857142856326
3491,-20,-5,-4,-5,-6,-2,25.0,23.786255552652207,1,51.03333333333349
3492,-20,-5,-4,-5,-6,-1,39.99999999999999,26.004703423046777,1,38.15000000000013
3493,-19,-5,-4,-5,-5,-1,39.99999999999999,47.56235827664399,1,9.399999999999409
3495,-17,-5,-3,-6,-3,-3,28.57142857142857,40.3921568627451,1,11.133333333332995
3496,-15,-5,-2,-6,-2,-3,28.57142857142857,42.33986928104576,1,20.309090909090834
3497,-13,-3,-3,-5,-2,-2,33.33333333333333,42.531590413943356,1,0.5999999999994898
3498,-11,-3,-2,-4,-2,-2,33.33333333333333,39.12200435729847,1,2.60000000000038
3503,-8,-1,-2,-2,-3,-1,42.857142857142854,30.335511982570807,1,15.066666666666562
3504,-6,-2,-2,-1,-1,-2,37.5,31.76906318082789,1,11.177777777777731
3505,-6,-2,-3,-1,0,-1,44.44444444444444,32.62091503267974,1,26.200000000000667
3506,-4,-2,-1,-1,0,-1,44.44444444444444,35.450980392156865,1,28.72222222222276
3507,-3,-2,0,-1,0,-1,44.44444444444444,39.71422338568936,1,30.16363636363706
3508,-3,-2,0,-1,0,-1,44.44444444444444,40.55628272251309,1,24.199999999999775
3535,-9,-4,-2,-3,0,-2,37.5,42.71486643437863,1,15.342857142855992
3536,-5,-2,-1,-2,0,-1,42.857142857142854,40.70847851335656,1,7.030769230769174
3552,-13,-3,-4,-4,-2,-4,25.0,35.17452402538532,1,34.97142857142865
3553,-12,-3,-3,-4,-2,-4,25.0,35.19265639165911,1,29.457142857143293
3554,-11,-4,-2,-4,-1,-4,25.0,36.62964641885766,1,44.60000000000019
3555,-11,-4,-2,-4,-1,-4,25.0,40.97914777878513,1,14.961538461538693
3556,-10,-4,-1,-4,-1,-4,25.0,41.95149592021759,1,20.038461538461895
3557,-6,-2,-1,-2,-1,-2,33.33333333333333,41.26473254759746,1,15.800000000000258
3558,-5,-2,-1,-2,0,-2,33.33333333333333,40.07932910244787,1,27.19999999999945
3559,-4,-2,-1,-1,0,-2,33.33333333333333,38.70353581142339,1,29.300000000000992
3560,-3,-2,0,-1,0,-2,33.33333333333333,37.40253853127833,1,17.80000000000004
3561,-3,-2,0,-1,0,-4,0.0,38.68993653671804,1,14.200000000000879
3574,-13,-2,-4,-4,-3,-4,16.666666666666657,37.10933599600599,1,24.733333333333274
3575,-13,-3,-4,-3,-3,-4,16.666666666666657,36.582556226001095,1,61.499999999999886
3576,-12,-4,-4,-2,-2,-5,14.285714285714292,36.90345584201865,1,28.71818181818253
3577,-11,-4,-3,-2,-2,-5,14.285714285714292,37.904552934722986,1,39.854545454545146
3578,-10,-4,-2,-2,-2,-8,10.0,39.41031267142074,1,6.690909090909525
3589,-14,-2,-2,-5,-5,-5,14.285714285714292,39.576646375207524,1,16.69999999999949
3590,-20,-3,-5,-7,-5,-5,14.285714285714292,28.563348416289593,1,31.90000000000026
3591,-20,-4,-5,-6,-5,-6,12.5,33.94736842105263,1,33.8666666666676
3592,-20,-5,-5,-6,-4,-6,12.5,35.35469107551488,1,44.92857142857076
3593,-21,-5,-7,-6,-3,-6,12.5,35.751334858886345,1,54.8000000000004
3594,-20,-7,-4,-6,-3,-6,12.5,37.03852021357742,1,52.30769230769261
3595,-19,-7,-4,-5,-3,-6,12.5,36.35774218154081,1,35.99999999999937
3596,-15,-5,-3,-5,-2,-4,25.0,35.91914569031274,1,36.27692307692332
3597,-14,-5,-3,-4,-2,-4,25.0,36.39206712433257,1,47.12307692307682
3598,-4,-2,-2,0,0,-1,39.99999999999999,35.68649885583524,1,30.733333333332613
3644,-10,-2,-3,-3,-2,-1,45.45454545454546,42.99721835883171,1,33.73333333333339
3645,-13,-2,-5,-2,-4,-3,33.33333333333333,44.984017048481626,1,29.171428571428404
3646,-14,-4,-5,-2,-3,-4,25.0,41.984549813532226,1,58.09999999999982
3647,-15,-5,-5,-2,-3,-5,22.222222222222214,42.0196191575303,1,52.69999999999997
3648,-12,-4,-4,-2,-2,-5,22.222222222222214,42.01384881708021,1,23.618181818181316
3649,-9,-3,-3,-2,-1,-4,25.0,43.17945758799769,1,4.899999999999904
3650,-7,-2,-3,-2,0,-3,33.33333333333333,41.91908713692946,1,4.830769230769194
3670,-15,-4,-4,-4,-3,-3,33.33333333333333,27.14375,1,63.94285714285686
3671,-15,-4,-3,-5,-3,-3,33.33333333333333,26.502499999999994,1,33.05454545454501
3672,-16,-5,-3,-5,-3,-3,33.33333333333333,27.764999999999993,1,29.200000000000337
3673,-17,-6,-3,-5,-3,-6,25.0,28.286250000000003,1,11.866666666666692
3683,-17,-3,-5,-4,-5,-2,33.33333333333333,40.79042638777152,0,0.0
3684,-21,-5,-6,-4,-6,-3,28.57142857142857,39.971842316975064,0,0.0
3685,-19,-5,-6,-4,-4,-1,44.44444444444444,39.28197908286404,0,0.0
3875,-15,-2,-4,-5,-4,-4,33.33333333333333,47.03231821006836,1,27.114285714284758
3876,-11,-3,-4,-3,-1,-4,33.33333333333333,48.455562461156,1,50.39999999999934
3877,-14,-6,-4,-3,-1,-4,33.33333333333333,48.51460534493474,1,107.11428571428483
3878,-12,-6,-2,-3,-1,-4,33.33333333333333,50.63704164077066,1,44.1999999999998
3879,-10,-6,-1,-3,0,-7,23.07692307692308,36.6178317287568,1,19.19230769230729
3968,-26,-5,-5,-8,-8,-7,18.181818181818187,38.98322851153039,1,26.728571428571435
3969,-33,-6,-9,-9,-9,-8,10.0,38.48270440251572,1,16.599999999999948
3970,-33,-6,-9,-9,-9,-9,0.0,37.738469601677146,1,31.799999999999606
3971,-29,-6,-9,-8,-6,-9,0.0,35.15199161425577,1,34.399999999999984
3973,-25,-8,-7,-7,-3,-8,0.0,35.372117400419285,1,49.736363636363464
3974,-22,-8,-4,-7,-3,-8,0.0,36.480607966457015,1,47.10909090909099
3975,-21,-8,-3,-7,-3,-9,0.0,39.208595387840674,1,40.981818181817786
3976,-20,-7,-3,-7,-3,-7,18.181818181818187,13.308354866494401,1,30.59999999999952
3977,-13,-5,-3,-5,0,-5,22.222222222222214,18.01464254952627,1,30.623076923076418
3978,-6,-3,-1,-2,0,-3,28.57142857142857,17.496985357450477,1,23.957142857142788
3980,-2,-2,0,0,0,-2,33.33333333333333,16.17312661498708,1,31.545454545455208
3981,-2,-2,0,0,0,-3,28.57142857142857,16.012058570198104,1,18.76363636363676
3994,-13,-3,-2,-5,-3,-4,30.0,17.624683009298394,1,12.400000000000189
